kimberly39;100;2022-08-08
sarahjohnson;43;2022-05-31
melissa13;77;2022-07-30
ashleymaldonado;90;2022-01-31
javiermatthews;12;2022-09-05
cwhite;59;2022-06-06
savannah95;21;2022-03-17
jamie70;22;2022-08-04
matthewsjeffery;96;2022-01-06
donaldpratt;94;2022-01-06
nelsonashley;24;2022-06-09
johngomez;86;2022-09-14
gallen;19;2022-07-22
tonydavis;79;2022-02-02
ifreeman;75;2022-09-06
april00;45;2022-08-16
nicholas69;57;2021-12-29
isaacsmith;88;2021-11-24
antoniojohnson;78;2022-06-04
vjohnson;56;2022-08-24
kristingray;7;2022-10-21
swilliams;83;2022-02-28
coreywolfe;79;2022-03-22
cgilbert;21;2022-07-24
glendasmith;56;2022-05-29
daniel87;40;2022-09-20
paigemckinney;73;2022-10-13
jefferycrane;83;2022-06-16
vowens;47;2022-01-31
johnolson;72;2022-09-18
gardnermichele;55;2022-10-21
cthompson;50;2022-01-15
eknight;86;2022-04-04
david02;55;2022-10-20
ryanwerner;1;2022-02-16
vhall;65;2022-08-01
ashley45;14;2022-03-09
qmendez;46;2021-11-27
richardkennedy;67;2022-06-05
ericmorris;81;2022-03-18
jessica02;41;2022-02-02
tdavid;86;2022-03-08
carpenterkayla;32;2022-05-30
jonathanjohnson;26;2022-01-12
reginajohnson;51;2022-09-27
cherylallen;29;2022-06-21
jennifer48;77;2022-07-14
joneslorraine;93;2021-12-17
jamesthompson;10;2022-02-19
nguyenwilliam;20;2022-07-21
zsaunders;95;2022-10-16
alexandrahill;50;2021-11-18
jenniferyoung;49;2022-04-01
erika21;2;2022-04-09
ymccarthy;85;2022-10-30
brockmichael;78;2022-09-10
millerjamie;19;2021-12-17
smithstephanie;99;2022-06-12
ggarcia;40;2022-06-20
keith54;33;2022-11-10
hayley11;42;2022-08-09
vwallace;59;2022-08-21
harrisoncaitlin;90;2022-11-03
combsryan;77;2022-07-17
gregory94;36;2022-11-01
jennifer05;33;2022-06-23
vanessa99;30;2021-12-28
david47;37;2022-06-14
ftaylor;43;2022-01-21
alexgordon;32;2022-03-28
tmcdowell;70;2022-08-28
wsullivan;40;2022-07-22
jonathanrandall;57;2022-07-12
april71;34;2022-05-30
jamesgonzales;15;2022-07-15
karen59;93;2022-08-04
jamie95;58;2022-02-03
barbara44;59;2022-04-25
hahnjustin;73;2022-09-29
fjefferson;32;2021-12-20
angelamacdonald;55;2021-12-15
zamorapatricia;4;2021-11-28
christophermcbride;10;2022-11-08
lynnpratt;79;2022-05-20
cbrown;56;2022-09-19
judith70;93;2022-06-14
erikgarcia;83;2021-12-22
angela83;90;2022-07-04
xrobinson;10;2022-04-03
patriciawood;95;2022-08-05
pauljackson;8;2021-12-20
ajones;98;2022-06-06
lclark;17;2022-05-26
pmunoz;64;2022-06-06
martinezalexandra;88;2022-10-17
brian31;7;2022-01-10
roberthoward;3;2022-10-03
michelle78;31;2022-01-19
anunez;11;2022-10-11
mariesmith;14;2022-04-17
