courtneykoch;2pNX36Fu#u3(;user
ltaylor;Pgcq#4S8L@4C;user
ericksonjulie;+$1Beu5EVK&L;user
tylersmith;@r_4eTek494S;user
nicolelowe;kl)yU2Vp*6FA;user
lrandolph;!D7^lQrbL+9Z;user
kenneth76;_OH%ToQuUI&9;user
uwilson;J5F_EPlb@9Bb;user
hopkinsvictor;1*UQ&NGl!F_D;user
chaneymatthew;+4O5K^wxDz%k;user
warrentina;(1JpWm64!r4F;user
iarias;+7ovKTpl!9B6;user
mgrant;I#Y+2Jc(W4Vi;user
katrinamiller;h1^i(WL&&*N*;user
kathryntaylor;i#68mxRsJOCR;user
charles36;_BYnb5@t82lp;user
ijordan;GrLwDNWx&n4J;user
hubbardsheila;@^ejppkqJ8_U;user
jennifernelson;5(#FN#lO*v8H;user
johnsonjuan;@u0OdSDC@j(S;user
rachelramirez;8#3V!tAaoF^2;user
rhahn;HoJu6DbmOb@N;user
alicia46;7z!r^9C@%DJU;user
xblack;N0Mh%fi^+NWt;user
bkrueger;^wYG$)Az71Ig;user
youngtanya;3+d7RP*D^hKh;user
barrdebra;%83BmHOF+EcR;user
jasonwest;yI4JuM^4_aZW;user
morganmichelle;EyQQBxgm0$93;user
vbrooks;w3aMSwrK_QCB;user
grace51;hL!%nkHXN*8H;user
ratkinson;@0S#vC5sX&hV;user
hwells;N$1wFnSsIu6O;user
wlee;(5FpHpLRq2Z(;user
jacqueline52;R#9HG(or(j5m;user
walterford;e+v#7Wf@k70#;user
esmith;e0(VZCdj%0&L;user
pcastro;^2KEJPzq#1MX;user
shawjose;5WdM$xVH^iGt;user
csnow;P8fDShx5_6_V;user
longemily;sH8_Mnnc^2Wg;user
ahill;LNv^Qy0GTec6;user
howardkristin;)uDfm#wBi0UH;user
carneystacy;(lu9VxeVf^3K;user
qfrench;%l)R6RdmtK20;user
gbecker;sb#5)Hz$@%ek;user
matthewvargas;@AhIu7wqj8NR;user
michelle59;Pp2OHAu*$3!Y;user
carl26;42YbB%emxh(%;user
psmith;^ik3PlnpbnrT;user
danawade;IfQ&5O9bb7&N;user
adamwilliams;3dOk2rMf!9f%;user
martinezmegan;H26#EMcBX4KR;user
marksmegan;&YEq4Ddmk@gH;user
harrisonkelly;$vbKDz_K^cq1;user
brianwong;(%55Gc^$+c6T;user
cunninghammichael;)eq79H&iyCRP;user
tiffanygentry;R2DDS2_J&vkc;user
randy97;vj0ncV#1B$So;user
frances73;*M!1nPphFkhx;user
martinbrittany;&ux53Wmg%qyf;user
shawn38;u)%Qm7sbwI8Z;user
sergio91;Q)2GfGasTB6k;user
daniel49;H_8%wQPpya&h;user
castilloryan;1v4ByFtM(^g(;user
spotter;#X0Vgu2OB11L;user
justin29;+F%C8Dlskb_^;user
kimhardin;5gTzgHY)u)Z8;user
obryant;!0)Jxpb8u54Q;user
wangjoseph;+c8vRzTeT+f5;user
ncruz;G5Dwuzhj*Vxn;user
erikanderson;g5JgVxrj%lWi;user
lsmith;_7cqh+S&qbiZ;user
qmurphy;MS7SFlcSvDV+;user
sherry94;d(8_P2)wfto!;user
holmesjennifer;2m+56EqYN+e8;user
vmclean;b5Oz@DAyl(w$;user
james78;_j*0dH%m7d&^;user
amy92;K3)omWdNB4EY;user
qdavis;6#V2+UGq(t($;user
boydrachel;6V_0LTNnW*b);user
thoward;O$6vhuXr$yB_;user
kfowler;SMLYXezI%@5E;user
bowens;%9*5b&uQDsCa;user
daniel88;FJLY2ghZ++1F;user
thompsonkaren;!7ly()mq)ztO;user
melissamccall;i$N62hZQvzyX;user
jefferygutierrez;z3HHmPTj^QIY;user
melvinvelazquez;2tpVV+mATG$6;user
wallsrandy;*Su2L9JcO*9%;user
omurray;+Qd20uJx8q_V;user
vorozco;rn_J%qeUA&3*;user
james01;C2Zi)6YE!fTH;user
karina45;%U6cKb9FC)Hz;user
stephenfisher;&AfD43nuf65M;user
dawnchavez;%1d51I+a31!C;user
andrewrichardson;9Xa22yOvK@GF;user
drusso;^7F%k^@Br68u;user
william03;#j750c0v@wkQ;user
annharrison;z66(cfm2UeYO;user
